N°,Título,Link
2," Uruguay abre fronteras a extranjeros con propiedades, vacunados y con PCR negativo ",https://www.ambito.com/mundo/covid-19/uruguay-abre-fronteras-extranjeros-propiedades-vacunados-y-pcr-negativo-n5246552
3," Covid-19: amplían el cupo de pasajeros en colectivos, trenes y subtes",https://www.ambito.com/informacion-general/transporte/covid-19-amplian-el-cupo-pasajeros-colectivos-trenes-y-subtes-n5246495
4, Dólar y blue: ¿por qué el mercado mira la brecha?,https://www.ambito.com/economia/dolar/y-blue-por-que-el-mercado-mira-la-brecha-n5246297
5, Giro inesperado: Barcelona le hizo una contraoferta a Messi,https://www.ambito.com/deportes/messi/giro-inesperado-barcelona-le-hizo-una-contraoferta-n5246526
6, París aún deberá esperar por Messi,https://www.ambito.com/deportes/barcelona/paris-aun-debera-esperar-messi-n5246458
7, Reactivación: Alberto Fernández inaugura 100 obras públicas en simultáneo,https://www.ambito.com/politica/alberto-fernandez/en-busca-la-reactivacion-inaugura-100-obras-publicas-simultaneo-n5246441
8, Productores autoconvocados realizarán un cese de comercialización,https://www.ambito.com/economia/productores/autoconvocados-realizaran-un-cese-comercializacion-n5246498
9," ""Juanchi"" Zabaleta asume en Desarrollo Social y Jorge Taiana en Defensa",https://www.ambito.com/politica/alberto-fernandez/cambios-el-gabinete-juanchi-zabaleta-asume-desarrollo-social-y-jorge-taiana-defensa-n5246208
10, Para las elecciones el salario mejorará y podrán comprar 129 kilos de asado,https://www.ambito.com/economia/salario/para-las-elecciones-el-mejorara-y-podran-comprar-129-kilos-asado-n5246474
11, EEUU ofreció a Argentina transferir tecnología para la fabricación de vacunas contra el Covid-19,https://www.ambito.com/politica/covid-19/estados-unidos-ofrecio-argentina-transferir-tecnologia-la-fabricacion-vacunas-contra-el-n5246277
12, Persecución al Grupo Indalo: citan a Carlos Rosenkrantz como testigo,https://www.ambito.com/politica/grupo-indalo/persecucion-al-citan-carlos-rosenkrantz-como-testigo-n5246264
13," Dólar MEP bajó tras 6 subas al hilo, pero CCL mantuvo tendencia alcista",https://www.ambito.com/finanzas/dolar/mep-6-subas-al-hilo-pero-ccl-mantuvo-tendencia-alcista-n5246138
14, Cambia el gabinete de Guzmán: sale Mariano Sardi y entra Rafael Brigo,https://www.ambito.com/finanzas/martin-guzman/cambia-el-gabinete-sale-mariano-sardi-y-entra-rafael-brigo-n5246335
15, Nicaragua llamó a consultas a su embajador en Argentina por críticas del gobierno de Alberto Fernández,https://www.ambito.com/mundo/nicaragua/llamo-consultas-su-embajador-argentina-criticas-del-gobierno-alberto-fernandez-n5246469
16, AFIP: vence el plazo para presentar DDJJ y realizar pagos de Ganancias y Bienes Personales,https://www.ambito.com/economia/afip/vence-el-plazo-presentar-ddjj-y-realizar-pagos-ganancias-y-bienes-personales-n5246189
17, Ofrecen sueldos de hasta $280.000 para trabajar en el mundo de las criptomonedas,https://www.ambito.com/empleo/ofrecen-sueldos-280000-trabajar-el-mundo-las-criptomonedas-n5245896
18," Para ahorristas: cómo invertir los dólares del ""colchón"" en año electoral y de volatilidad cambiaria",https://www.ambito.com/negocios/agronegocios/para-ahorristas-como-invertir-los-dolares-del-colchon-ano-electoral-y-volatilidad-cambiaria-n5243789
19, Argentina Programa: lanzan subsidio de $100.000 para comprar computadoras,https://www.ambito.com/informacion-general/software/argentina-programa-lanzan-subsidio-100000-comprar-computadoras-n5245724
20, L-Gante lanzó un nuevo tema y le dedico un párrafo a Cristina Kirchner,https://www.ambito.com/espectaculos/musica/l-gante-lanzo-un-nuevo-tema-y-le-dedico-un-parrafo-cristina-kirchner-n5246417
21, Qué computadora podes comprar con el subsidio del Gobierno a programadores,https://www.ambito.com/informacion-general/computadoras/que-computadora-podes-comprar-el-subsidio-del-gobierno-programadores-n5246402
22," Dólar: por tercera jornada, el BCRA no intervino en el mercado mayorista",https://www.ambito.com/finanzas/dolar/hoy-cuanto-cerro-este-lunes-9-agosto-n5245662
23, El dólar blue subió a $179 luego de dos bajas consecutivas,https://www.ambito.com/finanzas/dolar-blue/hoy-cuanto-cerro-este-lunes-9-agosto-n5245661
24," Zabaleta y Taiana, Alberto Fernández balancea el Gabinete",https://www.ambito.com/politica/gabinete/juanchi-zabaleta-y-jorge-taiana-alberto-fernandez-balancea-el-n5246270
25, Rematan televisores Led y Smart TV por dos días a 24 cuotas sin interés,https://www.ambito.com/economia/consumo/rematan-televisores-led-y-smart-tv-dos-dias-24-cuotas-interes-n5245673
26, Oro se derrumba a su mínimo en cuatro meses,https://www.ambito.com/economia/oro/se-derrumba-su-minimo-cuatro-meses-n5246484
27," Cuáles son los requisitos y cómo acceder a ""Argentina Programa""",https://www.ambito.com/informacion-general/alberto-fernandez/cuales-son-los-requisitos-y-como-acceder-argentina-programa-n5245676
28," Manes: ""No creo en la avenida del medio, yo creo que es por arriba""",https://www.ambito.com/politica/elecciones-2021/facundo-manes-no-creo-la-avenida-del-medio-yo-creo-que-es-arriba-n5246352
29, AFIP detectó maniobra de cerealeras que buscaban evadir más de $40 millones,https://www.ambito.com/economia/afip/detecto-maniobra-cerealeras-que-buscaban-evadir-mas-40-millones-n5246097
30, El bitcoin sigue subiendo y recuperó su valor antes del derrumbe,https://www.ambito.com/finanzas/bitcoin/el-sigue-subiendo-y-recupero-su-valor-antes-del-derrumbe-n5245754
31, Un inversor estadounidense eligió el oro por sobre el bitcoin: cuáles son sus razones,https://www.ambito.com/finanzas/bitcoin/un-inversor-estadounidense-eligio-el-oro-el-cuales-son-sus-razones-n5245741
32, El nuevo boom: videojuegos con criptomonedas,https://www.ambito.com/opiniones/criptomonedas/el-nuevo-boom-videojuegos-n5245601
33, Algodón: apuestan a aumentar la productividad,https://www.ambito.com/contenidos/agronegocios.html
34, Carrera hacia la Legislatura,https://www.ambito.com/contenidos/municipios.html
35, Suscribite al newsletter de Ámbito,https://www.ambito.com/economia/finanzas/suscribite-al-newsletter-ambito-n5108585
36, Campaña y Messi taparon todo,https://www.ambito.com/secciones-especiales/charlas-quincho/-n5245637
37, Manes se ajusta a la letra de la alianza opositora,https://www.ambito.com/politica/paso/campanas-marcha-n5245636
38, Milei encendió las alarmas en la interna macrista,https://www.ambito.com/politica/campana/s-marcha-n5243479
39, Algodón: apuestan a aumentar la productividad,https://www.ambito.com/agronegocios/agronegocios/algodon-apuestan-aumentar-la-productividad-n5245536
40, El maíz será el rey de la próxima campaña agrícola,https://www.ambito.com/agronegocios/maiz/el-sera-el-rey-la-proxima-campana-agricola-n5245538
41," Agustín Belloso: ""Tenemos el desafío de producir alimentos más eficientes y sustentables""",https://www.ambito.com/agronegocios/alimentos/agustin-belloso-tenemos-el-desafio-producir-mas-eficientes-y-sustentables-n5245539
42, Agrofy: semillas de algodón que llegan con el e-commerce,https://www.ambito.com/agronegocios/semillas/agrofy-algodon-que-llegan-el-e-commerce-n5245542
43, Covid-19: se registraron 10.180 casos y 503 muertos en las últimas 24 horas,https://www.ambito.com/informacion-general/coronavirus/cuantos-casos-hay-hoy-la-argentina-n5176993
44, Manifestantes antivacunas intentaron entrar por la fuerza a la BBC en Londres,https://www.ambito.com/mundo/londres/manifestantes-antivacunas-intentaron-entrar-la-fuerza-la-bbc-n5246124
45, Covid-19: aterrizó un nuevo vuelo con 400 mil dosis del componente 2 de Sputnik V,https://www.ambito.com/informacion-general/sputnik-v/covid-19-aterrizo-un-nuevo-vuelo-400-mil-dosis-del-componente-2-n5245954
46, El Gobierno analiza abrir las fronteras terrestres con Uruguay y Chile a partir del 6 de septiembre,https://www.ambito.com/informacion-general/covid-19/el-gobierno-analiza-abrir-las-fronteras-terrestres-uruguay-y-chile-partir-del-6-septiembre-n5245883
47, Laboratorios que producen vacunas contra el Covid-19 revelan ganancias ,https://www.ambito.com/negocios/pfizer/laboratorios-que-producen-vacunas-contra-el-covid-19-revelan-ganancias-n5245922
48," Gobierno define ""premios y castigos"" por vacunación",https://www.ambito.com/politica/vacunas/gobierno-define-premios-y-castigos-vacunacion-n5245593
49, El petróleo se desplomó por restricciones sanitarias de China y advertencia climática,https://www.ambito.com/finanzas/petroleo/el-se-desplomo-restricciones-sanitarias-china-y-advertencia-climatica-n5245983
50, Fitch Ratings elevó la calificación de YPF Luz y destacó nivel de inversiones,https://www.ambito.com/economia/ypf-luz/fitch-ratings-elevo-la-calificacion-y-destaco-nivel-inversiones-n5245717
51, Provincia: ordenan no suspender por deudas el suministro eléctrico a mutuales y asociaciones,https://www.ambito.com/economia/provincia-buenos-aires/provincia-ordenan-no-suspender-deudas-el-suministro-electrico-mutuales-y-asociaciones-n5245507
52, Ampliarán el gasoducto de la Costa Atlántica a 29 distritos,https://www.ambito.com/energia/energia/ampliaran-el-gasoducto-la-costa-atlantica-29-distritos-n5243763
53, Programación: cuáles son los sueldos que podés ganar haciendo los cursos del Gobierno,https://www.ambito.com/informacion-general/tecnologia/programacion-cuales-son-los-sueldos-que-podes-ganar-haciendo-los-cursos-del-gobierno-n5246309
54, Celulares pinchados y espiados: cómo saberlo y qué hacer,https://www.ambito.com/informacion-general/ciberataques/celulares-pinchados-y-espiados-como-saberlo-y-que-hacer-n5245840
55, Boom de las fintech: crece la oferta educativa para trabajar en tecnología,https://www.ambito.com/informacion-general/fintech/boom-las-crece-la-oferta-educativa-trabajar-tecnologia-n5245602
56, WhatsApp para Android se actualiza con 24 nuevos emojis,https://www.ambito.com/informacion-general/whatsapp/android-se-actualiza-24-nuevos-emojis-n5245910
57, WhatsApp: 10 trucos para aprovechar la app,https://www.ambito.com/informacion-general/whatsapp/10-trucos-aprovechar-la-app-n5245406
58, Explotación sexual de menores: Apple reaviva el debate sobre la privacidad de datos,https://www.ambito.com/tecnologia/apple/explotacion-sexual-menores-reaviva-el-debate-la-privacidad-datos-n5245167
59, Caso Chano: el tío declaró que el cantante no estaba violento ,https://www.ambito.com/espectaculos/declaracion/caso-chano-el-tio-declaro-que-el-cantante-no-estaba-violento-n5246421
60, El hermano de Chano compartió la primera foto del cantante desde el hospital ,https://www.ambito.com/espectaculos/policiales/el-hermano-chano-compartio-la-primera-foto-del-cantante-el-hospital-n5245707
61, Comienza el juicio por abuso y tráfico sexual contra el cantante R. Kelly ,https://www.ambito.com/espectaculos/abuso-sexual/comienza-el-juicio-abuso-y-trafico-sexual-contra-el-cantante-r-kelly-n5245967
62, Nicolás Repetto habló sobre los rumores que aseguran que Juana es hija de Ricardo Darín,https://www.ambito.com/espectaculos/ricardo-darin/nicolas-repetto-hablo-los-rumores-que-aseguran-que-juana-es-hija-n5245905
63," ""La Voz Argentina"": Los fans apuntaron contra Lali Espósito después de que salvara a Mora Saleh",https://www.ambito.com/espectaculos/la-voz-argentina/los-fans-apuntaron-contra-lali-esposito-despues-que-salvara-mora-saleh-n5245750
64, La multinacional de pagos digitales Rapyd captó u$s300 millones en ronda de inversión,https://www.ambito.com/negocios/pagos/la-multinacional-digitales-rapyd-capto-us300-millones-ronda-inversion-n5246506
65," Decide 2021: C5N, primer debate",https://www.ambito.com/politica/c5n/decide-2021-primer-debate-n5245929
66," El S&P Merval repuntó, mientras Riesgo País volvió a subir en medio de la apatía inversora",https://www.ambito.com/finanzas/sp-merval/el-repunto-mientras-riesgo-pais-volvio-subir-medio-la-apatia-inversora-n5245946
67," Vicentin propone quita de 75%, pagar a 20 años y hay temor",https://www.ambito.com/economia/vicentin/propone-quita-75-pagar-20-anos-y-hay-temor-n5245738
68, Pandemia: cuáles son los sentimientos que provocó en los niños,https://docsalud.com/maternidad-ninez/pandemia-cuales-son-los-sentimientos-que-provoco-en-los-ninos/1011445
69, Las enfermedades ginecológicas que aparecen en menopausia,https://docsalud.com/clinica/las-enfermedades-ginecologicas-que-aparecen-en-menopausia/1011442
70,Qué hacer cuando desaparece la demanda de bonos,https://www.ambito.com/opiniones/bonos/que-hacer-cuando-desaparece-la-demanda-n5245556
71,Políticas para que gire la rueda,https://www.ambito.com/opiniones/impuestos/politicas-que-gire-la-rueda-n5245609
72,Las maneras correctas para hablar de discapacidad,https://www.ambito.com/opiniones/discapacidad/las-maneras-correctas-hablar-n5243889
73,Un severo agravante complica al sector externo y el ingreso de dólares,https://www.ambito.com/opiniones/exportaciones/un-severo-agravante-complica-al-sector-externo-y-el-ingreso-dolares-n5241293
74,La política y la validación por pares,https://www.ambito.com/opiniones/politicas/la-politica-y-la-validacion-pares-n5241284
75,Diálogos de Wall Street,https://www.ambito.com/economia/wall-street/dialogos-n5241347
76,Caen las tecnológicas de China: ¿amenaza u oportunidad?,https://www.ambito.com/opiniones/china/caen-las-tecnologicas-amenaza-u-oportunidad-n5239179
77,Bolsillo eleccionario: en 7 meses la inflación llega a 29% meta del año,https://www.ambito.com/opiniones/inflacion/bolsillo-eleccionario-7-meses-la-llega-29-meta-del-ano-n5239098
78,EEUU recuperó el nivel prepandemia (la Bolsa lo vio primero y va por más),https://www.ambito.com/economia/bolsa/eeuu-recupero-el-nivel-prepandemia-la-lo-vio-primero-y-va-mas-n5239180
79," Pablo Duggan: ""Queremos que la gente abra los ojos para ver de verdad lo que está pasando""",https://www.ambito.com/espectaculos/c5n/pablo-duggan-queremos-que-la-gente-abra-los-ojos-ver-verdad-lo-que-esta-pasando-n5245833
80, El Dipy contó cuál sería su primera medida como funcionario,https://www.ambito.com/informacion-general/dipy/el-conto-cual-seria-su-primera-medida-como-funcionario-n5245716
81," Denuncian a Adrián Suar, Carlos Rottemberg y Luis Brandoni por sus visitas a la Quinta de Olivos",https://www.ambito.com/politica/alberto-fernandez/denuncian-adrian-suar-carlos-rottemberg-y-luis-brandoni-sus-visitas-la-quinta-olivos-n5246123
82," Malvinas: Melella denunció que un sector de la oposición es ""probritánico""",https://www.ambito.com/politica/malvinas/melella-denuncio-que-un-sector-la-oposicion-es-probritanico-n5246404
83," Alberto Fernández: ""Hay liberales que hablan de libertades pero son muy conservadores""",https://www.ambito.com/politica/alberto-fernandez/hay-liberales-que-hablan-libertades-pero-son-muy-conservadores-n5246020
84, La Argentina pasó de recibir el 10% de inversión extranjera directa al 6%,https://www.ambito.com/economia/inversion/la-argentina-paso-recibir-el-10-extranjera-directa-al-6-n5245832
85, Macri regresó al país y ¿se mete de lleno en la campaña?,https://www.ambito.com/politica/macri/regreso-al-pais-y-se-mete-lleno-la-campana-n5245787
86, Municipio bonaerense sortea un auto 0 km entre los vecinos que se vacunan,https://www.ambito.com/informacion-general/covid-19/municipio-bonaerense-sortea-un-auto-0-km-los-vecinos-que-se-vacunan-n5245790
87, Rematan televisores Led y Smart TV por dos días a 24 cuotas sin interés,https://www.ambito.com/economia/consumo/rematan-televisores-led-y-smart-tv-dos-dias-24-cuotas-interes-n5245673
88, El dólar blue subió a $179 luego de dos bajas consecutivas,https://www.ambito.com/finanzas/dolar-blue/hoy-cuanto-cerro-este-lunes-9-agosto-n5245661
89," Cuáles son los requisitos y cómo acceder a ""Argentina Programa""",https://www.ambito.com/informacion-general/alberto-fernandez/cuales-son-los-requisitos-y-como-acceder-argentina-programa-n5245676
90, Nicolás Repetto habló sobre los rumores que aseguran que Juana es hija de Ricardo Darín,https://www.ambito.com/espectaculos/ricardo-darin/nicolas-repetto-hablo-los-rumores-que-aseguran-que-juana-es-hija-n5245905
91, Aldosivi volvió a ganar y sueña en grande,https://www.ambito.com/deportes/aldosivi/volvio-ganar-y-suena-grande-n5246476
92, Pizzi dejó de ser el entrenador de Racing,https://www.ambito.com/deportes/pizzi/dejo-ser-el-entrenador-racing-n5246430
93, Los millones en danza con la llegada de Lionel Messi al PSG,https://www.ambito.com/deportes/lionel-messi/los-millones-danza-la-llegada-al-psg-n5245719
94, Barcelona podría perder hasta 137 millones de euros por la marcha de Messi,https://www.ambito.com/deportes/lionel-messi/barcelona-podria-perder-137-millones-euros-la-marcha-messi-n5245851
95, De mal en peor: Agüero se lesionó y estará ausente hasta noviembre en Barcelona ,https://www.ambito.com/deportes/aguero/de-mal-peor-se-lesiono-y-estara-ausente-noviembre-barcelona-n5245837
96, La peculiar imagen de Messi en su casa: semidesnudo y ¿tomando un fernet?,https://www.ambito.com/deportes/messi/la-peculiar-imagen-su-casa-semidesnudo-y-tomando-un-fernet-n5246008
97, Tokio 2020: ¿Por qué se rompieron tantos récords?,https://www.ambito.com/deportes/tokio-2020/por-que-se-rompieron-tantos-records-n5245620
98, Una de las víctimas del gobernador Andrew Cuomo narra su calvario en la TV ,https://www.ambito.com/mundo/andrew-cuomo/una-las-victimas-del-gobernador-narra-su-calvario-la-tv-n5245744
99, Abogado que atropelló y dejó grave a un motociclista pide eximición de prisión,https://www.ambito.com/informacion-general/policiales/abogado-que-atropello-y-dejo-grave-un-motociclista-pide-eximicion-prision-n5246144
100, La Liga Femenina será transmitida para todo el país,https://www.ambito.com/deportes/la-liga/femenina-sera-transmitida-todo-el-pais-n5246286
101, Cambio climático: alarmante pronóstico de la ONU,https://www.ambito.com/mundo/calentamiento-global/cambio-climatico-alarmante-pronostico-la-onu-n5245998
102," Aseguran que el ""Titanic está en riesgo de desaparecer""",https://www.ambito.com/informacion-general/ciencia/aseguran-que-el-titanic-esta-riesgo-desaparecer-n5246197
103, Arqueología: el hallazgo de una antigua tabla de arcilla revoluciona la matemática,https://www.ambito.com/mundo/arqueologia/el-hallazgo-una-antigua-tabla-arcilla-revoluciona-la-matematica-n5245163
104, Se reveló el misterio: el acoso de las gaviotas a las ballenas tiene consecuencias,https://www.ambito.com/informacion-general/chubut/se-revelo-el-misterio-el-acoso-las-gaviotas-las-ballenas-tiene-consecuencias-n5245824
105," Durante su presidencia, Macri le buscó psicólogo a Tevez",https://www.ambito.com/politica/mauricio-macri/durante-su-presidencia-macri-le-busco-psicologo-tevez-n5245281
106," Llega ""Midnight Mass"" a Netflix, nueva serie de terror del creador de ""La Maldición de Hill House""",https://www.ambito.com/espectaculos/series/llega-midnight-mass-netflix-nueva-serie-terror-del-creador-la-maldicion-hill-house-n5246036
107, Brian May cargó contra Eric Clapton por su postura antivacunas,https://www.ambito.com/espectaculos/covid-19/brian-may-cargo-contra-eric-clapton-su-postura-antivacunas-n5245133
108, Latam suma otros 28 aviones a su flota regional,https://www.ambito.com/economia/latam/suma-otros-28-aviones-su-flota-regional-n5245583
109, Claves económicas de la semana: se esperan datos oficiales sobre inflación y salarios,https://www.ambito.com/economia/precios/claves-economicas-la-semana-se-esperan-datos-oficiales-inflacion-y-salarios-n5245368
110, Relanzan Previaje y esperan movilizar $30.000 millones al turismo,https://www.ambito.com/economia/turismo/relanzan-previaje-y-esperan-movilizar-30000-millones-al-n5245639
111," Desde septiembre más autos pagarán el impuesto al ""lujo""",https://www.ambito.com/economia/autos/los-mas-3120000-pagaran-el-impuesto-al-lujo-n5245581
112, Consultoras estiman que la inflación se desaceleró en julio,https://www.ambito.com/economia/inflacion/consultoras-estiman-que-la-se-desacelero-julio-n5245192
113," Con tecnología obsoleta, ingenio misionero  logra boom de producción en la pandemia",https://www.ambito.com/ambito-nacional/misiones/con-tecnologia-obsoleta-ingenio-misionero-logra-boom-produccion-la-pandemia-n5245591
114, Argentina se proyecta como uno de los cinco mercados con mayor crecimiento del e-commerce,https://www.ambito.com/economia/comercio-electronico/argentina-se-proyecta-como-uno-los-cinco-mercados-mayor-crecimiento-del-e-commerce-n5245208
115, Drama de los traslados parte II; los fondos de la Corte y los hallazgos sobre el misterioso Braun Peña,https://www.ambito.com/politica/corte-suprema/drama-los-traslados-parte-ii-los-fondos-la-corte-y-los-hallazgos-el-misterioso-braun-pena-n5245630
116, Buenos Aires: quiénes son los referentes del interior que buscan llegar al Congreso,https://www.ambito.com/ambito-nacional/paso/buenos-aires-quienes-son-los-referentes-del-interior-que-buscan-llegar-al-congreso-n5245585
117," Enrique Pinti sobre Mauricio Macri: ""El peor presidente de la historia""",https://www.ambito.com/espectaculos/mauricio-macri/enrique-pinti-el-peor-presidente-la-historia-n5245937
118, Elecciones en tiempos de Covid: quiénes estarán exceptuados de votar este año,https://www.ambito.com/politica/elecciones-2021/elecciones-tiempos-covid-quienes-estaran-exceptuados-votar-este-ano-n5245333
119, Bolivia: Gobierno ampliará la denuncia contra Marcos Peña por contrabando,https://www.ambito.com/politica/bolivia/gobierno-ampliara-la-denuncia-contra-marcos-pena-contrabando-n5245613
120, Patronato reaccionó a tiempo y se llevó un punto de Sarandí,https://www.ambito.com/deportes/patronato/reacciono-tiempo-y-se-llevo-un-punto-sarandi-n5246448
121," Boca rescató un empate, pero sigue sin ganar en el torneo",https://www.ambito.com/deportes/boca/rescato-un-empate-pero-sigue-ganar-el-torneo-n5245102
122, Con la garganta roja: Independiente le ganó a Racing y festejó a lo grande,https://www.ambito.com/deportes/independiente/con-la-garganta-roja-le-gano-racing-y-festejo-lo-grande-n5245101
123, El llanto de Messi y aplausos de pie: el momento más emotivo,https://www.ambito.com/deportes/lionel-messi/el-llanto-messi-y-aplausos-pie-el-momento-mas-emotivo-n5245096
124, Primera renuncia en Barcelona tras el adiós de Messi,https://www.ambito.com/deportes/lionel-messi/primera-renuncia-barcelona-el-adios-messi-n5245371
125, Terminaron los Juegos Olímpicos: ¿Cómo quedó el medallero?,https://www.ambito.com/deportes/juegos-olimpicos/terminaron-los-como-quedo-el-medallero-n5245109
